Rank,Model,Accuracy,Precision,Recall,Specificity,F1-Score,ROC-AUC
1,Class-Weighted - Logistic Regression,0.6722,0.2541,0.5969,0.6857,0.3565,0.7005
2,SMOTE - Logistic Regression,0.5507,0.211,0.7132,0.5216,0.3257,0.6605
3,SMOTE-ENN - Logistic Regression,0.5495,0.2105,0.7132,0.5202,0.3251,0.6614
4,SMOTE-ENN - Random Forest,0.6392,0.226,0.5659,0.6523,0.323,0.6544
5,Tuned - Random Forest,0.5035,0.202,0.7674,0.4562,0.3199,0.668
6,Tuned - XGBoost,0.4634,0.197,0.8217,0.3992,0.3178,0.6671
7,SMOTE - Random Forest,0.6321,0.2185,0.5504,0.6467,0.3128,0.656
8,SMOTE-ENN - XGBoost,0.6686,0.2226,0.4729,0.7038,0.3027,0.6169
9,SMOTE - XGBoost,0.6486,0.2155,0.4961,0.6759,0.3005,0.6157
10,Class-Weighted - Random Forest,0.8066,0.2785,0.1705,0.9207,0.2115,0.6407
11,Class-Weighted - XGBoost,0.7689,0.1927,0.1628,0.8776,0.1765,0.5681
12,Baseline - XGBoost,0.8219,0.25,0.0853,0.9541,0.1272,0.605
13,Baseline - Random Forest,0.8491,0.5333,0.062,0.9903,0.1111,0.6391
14,Baseline - Logistic Regression,0.8443,0.4118,0.0543,0.9861,0.0959,0.7022
15,Tuned - Logistic Regression,0.8349,0.2105,0.031,0.9791,0.0541,0.6701
